SNPID	CHR18	BP18	CHR19	BP19	CHR38	BP38
rs11190140	10	101281583	10	101291593	10	99531836
rs11195128	10	112176138	10	112186148	10	110426390
rs3814231	10	115471008	10	115481018	10	113721259
rs3793910	10	131452983	10	131562993	10	129764729
rs10829131	10	27217251	10	27177245	10	26888316
rs11008080	10	30842805	10	30802799	10	30513870
rs722988	10	33466153	10	33426147	10	33137219
rs4934533	10	35399625	10	35359619	10	35070691
rs2247911	10	59563936	10	59893930	10	58134169
rs1107345	10	6127301	10	6087295	10	6045332
rs7072793	10	6146272	10	6106266	10	6064303
rs7073236	10	6146558	10	6106552	10	6064589
rs4147359	10	6148445	10	6108439	10	6066476
rs7090530	10	6150881	10	6110875	10	6068912
rs11593907	10	63456560	10	63786554	10	62026795
rs10740059	10	63479533	10	63809527	10	62049768
rs10796045	10	6442747	10	6402741	10	6360779
rs10995239	10	64058371	10	64388365	10	62628605
rs10995250	10	64066927	10	64396921	10	62637161
rs2242258	10	75277174	10	75607168	10	73847410
rs2633322	10	75363938	10	75693932	10	73934174
rs1250539	10	80707235	10	81037229	10	79277472
rs570613	10	8146508	10	8106502	10	8064539
rs11185982	10	82295607	10	82305627	10	80545871
rs10905371	10	8520050	10	8480044	10	8438081
rs7096374	10	8524119	10	8484113	10	8442150
rs2197415	10	9102862	10	9062856	10	9020893
rs7923837	10	94471897	10	94481917	10	92722160
rs11215037	11	113908884	11	114403674	11	114532952
rs513152	11	113946333	11	114441123	11	114570401
rs10892286	11	118147295	11	118642085	11	118771376
rs715412	11	118189820	11	118684610	11	118813901
rs4938573	11	118247052	11	118741842	11	118871133
rs6421571	11	118248982	11	118743772	11	118873063
rs7941030	11	122027585	11	122522375	11	122651667
rs11221335	11	127891116	11	128385906	11	128516011
rs4936059	11	128007706	11	128502496	11	128632601
rs626816	11	128124985	11	128619775	11	128749880
rs631647	11	128134145	11	128628935	11	128759040
rs10840606	11	2191266	11	2234690	11	2213460
rs2785197	11	35049646	11	35093070	11	35071523
rs736374	11	35223520	11	35266944	11	35245397
rs1570214	11	35246395	11	35289819	11	35268272
rs3763888	11	35263724	11	35307148	11	35285601
rs11229519	11	58067163	11	58310587	11	58543114
rs936469	11	596749	11	606749	11	606749
rs650258	11	60588858	11	60832282	11	61064810
rs174537	11	61309256	11	61552680	11	61785208
rs102275	11	61314379	11	61557803	11	61790331
rs968567	11	61352140	11	61595564	11	61828092
rs174611	11	61384457	11	61627881	11	61860409
rs2246614	11	609789	11	619789	11	619789
rs694739	11	63853809	11	64097233	11	64329761
rs538147	11	63886298	11	64129722	11	64362250
rs7130588	11	75948331	11	76270683	11	76559639
rs1847134	11	88644901	11	89005253	11	89272085
rs2164521	11	88849633	11	89209985	11	89476817
rs4409785	11	94951070	11	95311422	11	95578258
rs543104	11	95665357	11	96025709	11	96292545
rs991817	12	109894920	12	111410537	12	110972733
rs11065987	12	110556807	12	112072424	12	111634620
rs11066188	12	111095097	12	112610714	12	112172910
rs11066320	12	111390798	12	112906415	12	112468611
rs625228	12	119762649	12	121278266	12	120840463
rs7961554	12	119884627	12	121400244	12	120962441
rs11059910	12	127837672	12	129271719	12	128787174
rs1025922	12	27516824	12	27625557	12	27472624
rs1820544	12	39080260	12	40793993	12	40400191
rs2701129	12	50715744	12	52429477	12	52035693
rs10876864	12	54687352	12	56401085	12	56007301
rs1701704	12	54698754	12	56412487	12	56018703
rs703817	12	55776095	12	57489828	12	57096045
rs774890	12	56354655	12	58068388	12	57674605
rs7134599	12	66786342	12	68500075	12	68106295
rs2603088	12	68062566	12	69776299	12	69382519
rs10466829	12	9767358	12	9876091	12	9723495
rs17085007	13	26429267	13	27531267	13	26957130
rs3858762	13	26443396	13	27545396	13	26971259
rs12875311	13	39240557	13	40342557	13	39768420
rs7993214	13	39248912	13	40350912	13	39776775
rs9594746	13	41887660	13	42989660	13	42415524
rs912425	13	41895324	13	42997324	13	42423188
rs2121037	13	43369317	13	44471317	13	43897181
rs9546536	13	83345035	13	84447034	13	83872899
rs9593835	13	83346853	13	84448852	13	83874717
rs9546538	13	83354736	13	84456735	13	83882600
rs8015918	14	103012744	14	103942991	14	103476654
rs3742458	14	103020121	14	103950368	14	103484031
rs8021297	14	21974905	14	22905065	14	22436073
rs8192917	14	24172000	14	25102160	14	24632954
rs2273844	14	24173254	14	25103414	14	24634208
rs4902647	14	68323944	14	69254191	14	68787474
rs4899263	14	68355017	14	69285264	14	68818547
rs8013918	14	74779319	14	75709566	14	75242863
rs2300603	14	75075310	14	76005557	14	75539214
rs2300605	14	75080734	14	76010981	14	75544638
rs2301123	14	87489111	14	88419358	14	87953014
rs3742704	14	87547635	14	88477882	14	88011538
rs10150214	14	87567204	14	88497451	14	88031107
rs8035957	15	36625556	15	38838264	15	38546063
rs10851403	15	39253379	15	41466087	15	41173889
rs11071559	15	58857280	15	61069988	15	60777789
rs17740623	15	60843830	15	63056538	15	62764339
rs16950687	15	65251067	15	67464013	15	67171675
rs8026898	15	67778471	15	69991417	15	69699078
rs4777183	15	67791829	15	70004775	15	69712436
rs10152591	15	67835211	15	70048157	15	69755818
rs2870085	15	77021323	15	79234268	15	78941926
rs1369324	15	77026774	15	79239719	15	78947377
rs3826007	15	78050272	15	80263217	15	79970875
rs1138358	15	78050400	15	80263345	15	79971003
rs1317060	15	79193470	15	81406415	15	81114074
rs2744148	16	1013553	16	1073552	16	1023552
rs725613	16	11077184	16	11169683	16	11075826
rs2041670	16	11082153	16	11174652	16	11080795
rs12924729	16	11095284	16	11187783	16	11093926
rs12103174	16	11111231	16	11203730	16	11109873
rs17673553	16	11149407	16	11241906	16	11148049
rs7195296	16	11657275	16	11749774	16	11655918
rs17606153	16	11702396	16	11794895	16	11701039
rs1592572	16	11717883	16	11810382	16	11716526
rs7200798	16	23761361	16	23853860	16	23842539
rs8052258	16	28212498	16	28304997	16	28293676
rs2650492	16	28240912	16	28333411	16	28322090
rs2285459	16	30402913	16	30495412	16	30484091
rs1143678	16	31250506	16	31343005	16	31331684
rs735830	16	3635355	16	3695354	16	3645353
rs7194886	16	49282694	16	50725193	16	50691282
rs2357934	16	49475346	16	50917845	16	50883934
rs591940	16	55925679	16	57368178	16	57334266
rs223881	16	55944067	16	57386566	16	57352654
rs1182968	16	67131446	16	68573945	16	68540042
rs1170426	16	67161299	16	68603798	16	68569895
rs6499188	16	67232289	16	68674788	16	68640885
rs3764310	16	70605833	16	72048332	16	72014433
rs7202877	16	73804746	16	75247245	16	75213347
rs4074445	16	80447383	16	81889882	16	81856277
rs4299147	16	81440839	16	82883338	16	82849733
rs7202472	16	84535003	16	85977502	16	85943896
rs2945412	17	22867770	17	25843643	17	27516617
rs1024611	17	29603901	17	32579788	17	34252769
rs991804	17	29611838	17	32587725	17	34260706
rs8067378	17	35304874	17	38051348	17	39895095
rs2305480	17	35315722	17	38062196	17	39905943
rs7216389	17	35323475	17	38069949	17	39913696
rs1358175	17	36011315	17	38757789	17	40601537
rs757411	17	36028676	17	38775150	17	40618898
rs1122326	17	37528399	17	40274873	17	42122855
rs12325861	17	37542938	17	40289412	17	42137394
rs12603327	17	37544078	17	40290552	17	42138534
rs7214921	17	37547551	17	40294025	17	42142007
rs6503695	17	37753059	17	40499533	17	42347515
rs9891119	17	37761506	17	40507980	17	42355962
rs16947546	17	44679352	17	47324353	17	49246991
rs3853824	17	52235992	17	54880993	17	56803632
rs1879145	17	52257054	17	54902055	17	56824694
rs1292034	17	55344642	17	57989860	17	59912499
rs180515	17	55379057	17	58024275	17	59946914
rs7210086	17	68153293	17	70641698	17	72645559
rs7214193	17	68153460	17	70641865	17	72645726
rs959260	17	70881017	17	73369422	17	75373341
rs1893217	18	12799340	18	12809340	18	12809341
rs657555	18	12837136	18	12847136	18	12847137
rs16950548	18	45241638	18	46987640	18	49461270
rs12456021	18	54364370	18	56213390	18	58546158
rs7238078	18	54535172	18	56384192	18	58716960
rs4545915	18	54573848	18	56422868	18	58755636
rs8083511	18	58179635	18	60028655	18	62361422
rs4891781	18	65675626	18	67524646	18	69857410
rs727088	18	65681419	18	67530439	18	69863203
rs763361	18	65682622	18	67531642	18	69864406
rs1790588	18	65686164	18	67535184	18	69867948
rs1788103	18	65689804	18	67538824	18	69871588
rs3181049	19	10302117	19	10441117	19	10330441
rs1051738	19	10438843	19	10577843	19	10467167
rs11878377	19	10826270	19	10965270	19	10854594
rs1549926	19	10863862	19	11002862	19	10892186
rs2024092	19	1075031	19	1124031	19	1124032
rs887898	19	15400439	19	15539439	19	15428628
rs874628	19	18165700	19	18304700	19	18193890
rs736289	19	38448902	19	33757062	19	33266156
rs538649	19	42104727	19	37412887	19	36921985
rs10421415	19	42175284	19	37483444	19	36992542
rs935706	19	42179472	19	37487632	19	36996730
rs7255066	19	49837943	19	45146103	19	44642803
rs4802307	19	51541646	19	46849806	19	46346549
rs425105	19	51900321	19	47208481	19	46705224
rs160544	19	51926725	19	47234885	19	46731628
rs6510827	19	4781628	19	4830628	19	4830616
rs676388	19	53903781	19	49211969	19	48708712
rs17771967	19	60072026	19	55380214	19	54868759
rs1077667	19	6619972	19	6668972	19	6668961
rs7541397	1	101095454	1	101322866	1	100857310
rs11581062	1	101180107	1	101407519	1	100941963
rs17021444	1	104695375	1	104893852	1	104351230
rs2476601	1	114179091	1	114377568	1	113834946
rs624988	1	117065313	1	117263790	1	116721168
rs12405671	1	117065391	1	117263868	1	116721246
rs949969	1	150059438	1	151792814	1	151820338
rs11204894	1	150059798	1	151793174	1	151820698
rs11265608	1	152630764	1	154364140	1	154391664
rs4072037	1	153428691	1	155162067	1	155192276
rs12724079	1	153700566	1	155433942	1	155464151
rs7522061	1	155935014	1	157668390	1	157698600
rs751258	1	156935002	1	158668378	1	158698588
rs857703	1	156953848	1	158687224	1	158717434
rs703143	1	156960832	1	158694208	1	158724418
rs2592900	1	157883253	1	159616629	1	159646839
rs10494343	1	158669163	1	160402539	1	160432749
rs955371	1	159102207	1	160835583	1	160865793
rs10800309	1	159738782	1	161472158	1	161502368
rs1801274	1	159746369	1	161479745	1	161509955
rs864537	1	165678008	1	167411384	1	167442147
rs2056626	1	165687049	1	167420425	1	167451188
rs10798176	1	170942148	1	172675525	1	172706385
rs9286879	1	171128857	1	172862234	1	172893094
rs704840	1	171492818	1	173226195	1	173257056
rs2240335	1	17547124	1	17674537	1	17348042
rs12146097	1	181595884	1	183329261	1	183360126
rs977004	1	183611387	1	185344764	1	185375632
rs2816316	1	190803436	1	192536813	1	192567683
rs1323292	1	190807644	1	192541021	1	192571891
rs16841842	1	195878305	1	197611682	1	197642552
rs2488389	1	195897764	1	197631141	1	197662011
rs12092948	1	195956590	1	197689967	1	197720837
rs1539414	1	196010129	1	197743506	1	197774376
rs2359952	1	196923030	1	198656407	1	198687278
rs2737682	1	198358975	1	200092352	1	200123224
rs2737685	1	198359974	1	200093351	1	200124223
rs2821337	1	198364366	1	200097743	1	200128615
rs1473688	1	19959993	1	20087406	1	19760913
rs1546416	1	199276179	1	201009556	1	201040428
rs3767498	1	199287350	1	201020727	1	201051599
rs6426833	1	20044447	1	20171860	1	19845367
rs12145973	1	205061348	1	206994725	1	206821380
rs2013162	1	208035307	1	209968684	1	209795339
rs2174780	1	210986030	1	212919407	1	212746065
rs12568930	1	22574818	1	22702231	1	22375738
rs734999	1	2503076	1	2513216	1	2581777
rs3748816	1	2516606	1	2526746	1	2595307
rs6690896	1	25178194	1	25305607	1	24979116
rs4648356	1	2699024	1	2709164	1	2792599
rs3738676	1	39764175	1	39991588	1	39525916
rs12122754	1	4598419	1	4698559	1	4638499
rs7517847	1	67454257	1	67681669	1	67215986
rs11209026	1	67478546	1	67705958	1	67240275
rs3790565	1	67583944	1	67811356	1	67345673
rs2651244	1	70768150	1	70995562	1	70529879
rs7523335	1	8102797	1	8180210	1	8120150
rs2661868	1	8392376	1	8469789	1	8409729
rs11810217	1	92920965	1	93148377	1	92682820
rs12746893	1	92983464	1	93210876	1	92745319
rs991360	20	14598357	20	14650357	20	14669711
rs11087101	20	14606870	20	14658870	20	14678224
rs1041606	20	14625788	20	14677788	20	14697142
rs1535883	20	1560819	20	1612819	20	1632173
rs1535253	20	19630909	20	19682909	20	19702265
rs844813	20	23026996	20	23078996	20	23098359
rs844834	20	23034504	20	23086504	20	23105867
rs6073450	20	42520062	20	43086648	20	44458008
rs1983	20	42556442	20	43123028	20	44494387
rs4810482	20	44067957	20	44634550	20	46005911
rs718050	20	48630337	20	49196930	20	50580393
rs2248359	20	52224925	20	52791518	20	54174979
rs259964	20	57257704	20	57824309	20	59249254
rs259956	20	57262696	20	57829301	20	59254246
rs11700048	20	6033006	20	6085006	20	6104359
rs2822767	21	14844910	21	15923039	21	14550718
rs1736161	21	15755093	21	16833222	21	15460903
rs9976971	21	33689967	21	34768097	21	33395791
rs9808753	21	33709182	21	34787312	21	33415005
rs2834512	21	34833469	21	35911599	21	34539301
rs2836878	21	39387404	21	40465534	21	39093608
rs3788013	21	42714397	21	43841328	21	42421219
rs2839511	21	42721590	21	43848521	21	42428412
rs5754217	22	20269675	22	21939675	22	21585386
rs4821112	22	20294761	22	21964761	22	21610472
rs2298428	22	20312892	22	21982892	22	21628603
rs2412971	22	28824371	22	30494371	22	30098382
rs138794	22	34063654	22	35733654	22	35337661
rs2072711	22	35598501	22	37268555	22	36872513
rs929022	22	35883671	22	37553725	22	37157685
rs229527	22	35911431	22	37581485	22	37185445
rs2413583	22	37989719	22	39659773	22	39263768
rs1569498	22	38044650	22	39714704	22	39318699
rs137685	22	38069574	22	39739628	22	39343623
rs132905	22	40129052	22	41799106	22	41403102
rs202654	22	40170980	22	41841034	22	41445030
rs9611613	22	40291777	22	41961831	22	41565827
rs6971	22	41888870	22	43558926	22	43162920
rs2118280	2	100112827	2	100746395	2	100129933
rs2009094	2	100131509	2	100765077	2	100148615
rs1160542	2	100198587	2	100832155	2	100215693
rs11685424	2	102293413	2	102926981	2	102310521
rs13431828	2	102321085	2	102954653	2	102338193
rs1420101	2	102324148	2	102957716	2	102341256
rs3771166	2	102352654	2	102986222	2	102369762
rs917997	2	102437000	2	103070568	2	102454108
rs13405741	2	111629527	2	111913056	2	111155479
rs6749633	2	111704487	2	111988016	2	111230439
rs12373588	2	112182736	2	112466265	2	111708688
rs7605443	2	112190343	2	112473872	2	111716295
rs1534422	2	12558192	2	12640741	2	12500615
rs1534428	2	12560894	2	12643443	2	12503317
rs7603516	2	145221163	2	145504693	2	144747126
rs2111485	2	162818782	2	163110536	2	162254026
rs1990760	2	162832297	2	163124051	2	162267541
rs13010713	2	181704290	2	181996045	2	181131318
rs6740847	2	182016597	2	182308352	2	181443625
rs13422838	2	187211091	2	187502846	2	186638119
rs2286896	2	191243821	2	191535576	2	190670850
rs10931468	2	191246807	2	191538562	2	190673836
rs4853516	2	191262176	2	191553931	2	190689205
rs10168266	2	191644049	2	191935804	2	191071078
rs7574865	2	191672878	2	191964633	2	191099907
rs10196612	2	198602384	2	198894139	2	198029415
rs4602161	2	199520823	2	199812578	2	198947854
rs6714524	2	199535717	2	199827472	2	198962748
rs3916066	2	199596030	2	199887785	2	199023062
rs231804	2	204416891	2	204708646	2	203843923
rs3768790	2	213629162	2	213920917	2	213056193
rs4674257	2	218697019	2	218988774	2	218124051
rs4674259	2	218699250	2	218991005	2	218126282
rs10933018	2	224377673	2	224669429	2	223804712
rs4673077	2	224403476	2	224695232	2	223830515
rs12614514	2	228359276	2	228651032	2	227786316
rs10201872	2	230814968	2	231106724	2	230242009
rs9989899	2	230822375	2	231114131	2	230249416
rs2289472	2	233846979	2	234182240	2	233273594
rs2241880	2	233848107	2	234183368	2	233274722
rs3792109	2	233849156	2	234184417	2	233275771
rs4676403	2	241232349	2	241583676	2	240644259
rs6752378	2	25003620	2	25150116	2	24927247
rs10182181	2	25003800	2	25150296	2	24927427
rs1077492	2	25139939	2	25286435	2	25063566
rs1260326	2	27584444	2	27730940	2	27508073
rs1039823	2	28476663	2	28623159	2	28400292
rs1355208	2	30298826	2	30445322	2	30222456
rs906868	2	30301848	2	30448344	2	30225478
rs12474030	2	43665821	2	43812317	2	43585178
rs17031095	2	43672643	2	43819139	2	43592000
rs12467420	2	43684654	2	43831150	2	43604011
rs6717574	2	55675350	2	55821846	2	55594710
rs10496044	2	55741253	2	55887749	2	55660614
rs13014803	2	61020720	2	61167216	2	60940081
rs13003464	2	61040333	2	61186829	2	60959694
rs1194849	2	65460157	2	65606653	2	65379519
rs268134	2	65461867	2	65608363	2	65381229
rs1876518	2	65462413	2	65608909	2	65381775
rs2576923	2	65487388	2	65633884	2	65406750
rs7595037	2	68500599	2	68647095	2	68419963
rs10174949	2	8359699	2	8442248	2	8302118
rs10178845	2	8361254	2	8443803	2	8303673
rs771767	3	103231328	3	101748638	3	102029794
rs1398607	3	103238428	3	101755738	3	102036894
rs10804863	3	103238911	3	101756221	3	102037377
rs9815057	3	109946887	3	108464197	3	108745350
rs7609997	3	110050370	3	108567680	3	108848833
rs2715729	3	110052762	3	108570072	3	108851225
rs11712165	3	120601486	3	119118796	3	119399949
rs12494314	3	120605510	3	119122820	3	119403973
rs7650774	3	120687740	3	119205050	3	119486203
rs4330287	3	120771538	3	119288848	3	119570001
rs6763931	3	142585523	3	141102833	3	141383991
rs9846396	3	142623658	3	141140968	3	141422126
rs1464446	3	148083985	3	146601295	3	146883508
rs4513503	3	160985114	3	159502420	3	159784631
rs7636819	3	160988297	3	159505603	3	159787814
rs1675497	3	161065076	3	159582382	3	159864593
rs9811792	3	161179692	3	159696998	3	159979210
rs6441286	3	161211572	3	159728878	3	160011091
rs10936599	3	170974795	3	169492101	3	169774313
rs1372072	3	16930263	3	16955259	3	16913767
rs12108065	3	17049875	3	17074871	3	17033379
rs9838060	3	189218610	3	187735916	3	188018128
rs11710227	3	189236689	3	187753995	3	188036207
rs9851967	3	189570322	3	188087628	3	188369840
rs1559810	3	189607048	3	188124354	3	188406566
rs6808275	3	189974252	3	188491558	3	188773770
rs1385331	3	197835612	3	196351215	3	196624344
rs6550756	3	23365225	3	23390221	3	23348730
rs778462	3	23422663	3	23447659	3	23406168
rs322684	3	25352227	3	25377223	3	25335732
rs1483831	3	25358670	3	25383666	3	25342175
rs3806624	3	27739627	3	27764623	3	27723132
rs11129295	3	27763784	3	27788780	3	27747289
rs12493245	3	27772814	3	27797810	3	27756319
rs669607	3	28046448	3	28071444	3	28029953
rs6773182	3	29353094	3	29378090	3	29336599
rs6550005	3	30625068	3	30650064	3	30608572
rs13098911	3	46210205	3	46235201	3	46193709
rs9858280	3	49572741	3	49597737	3	49560304
rs3197999	3	49696536	3	49721532	3	49684099
rs2336725	3	53093779	3	53118739	3	53084723
rs2253685	3	53094743	3	53119703	3	53085687
rs2581786	3	53101183	3	53126143	3	53092127
rs4681679	3	58307108	3	58332068	3	58346341
rs11130638	3	58380987	3	58405947	3	58420220
rs9819066	3	71605800	3	71523110	3	71473959
rs11720523	3	71627860	3	71545170	3	71496019
rs13081814	3	97031445	3	95548755	3	95829911
rs3774937	4	103653283	4	103434253	4	102513096
rs6831973	4	10318464	4	10709366	4	10707742
rs13151961	4	123334952	4	123115502	4	122194347
rs13119723	4	123437763	4	123218313	4	122297158
rs2221903	4	123758362	4	123538912	4	122617757
rs1398553	4	123767518	4	123548068	4	122626913
rs2611215	4	166793717	4	166574267	4	165653115
rs10517086	4	25694609	4	26085511	4	26083889
rs633059	4	37809394	4	38132999	4	38131378
rs4833071	4	38259254	4	38582859	4	38581238
rs1472971	4	47955401	4	48260644	4	48258627
rs411261	4	48048814	4	48354057	4	48352040
rs2177921	4	72750625	4	72531761	4	71666044
rs2457996	4	75075399	4	74856535	4	73990818
rs12504282	4	81146025	4	80927001	4	80005847
rs7662083	4	81152332	4	80933308	4	80012154
rs7672960	4	92103267	4	91884244	4	90963093
rs386352	5	102643606	5	102615707	5	103280006
rs267949	5	10796929	5	10743929	5	10743817
rs10051830	5	110480744	5	110452845	5	111117147
rs1457115	5	110595497	5	110567598	5	111231900
rs1050152	5	131704219	5	131676320	5	132340627
rs2188962	5	131798704	5	131770805	5	132435113
rs12521868	5	131812292	5	131784393	5	132448701
rs11745587	5	131824821	5	131796922	5	132461230
rs2070729	5	131847820	5	131819921	5	132484229
rs6871536	5	131997773	5	131969874	5	132634182
rs2240032	5	132005026	5	131977127	5	132641435
rs244689	5	133450715	5	133422816	5	134087125
rs254562	5	134469356	5	134441457	5	135105767
rs254560	5	134471505	5	134443606	5	135107916
rs11167764	5	141459249	5	141479065	5	142099500
rs1062158	5	141503184	5	141523000	5	142143435
rs13189930	5	14780882	5	14727882	5	14727773
rs251463	5	149176522	5	149196329	5	149816766
rs109077	5	149176875	5	149196682	5	149817119
rs2241695	5	149583017	5	149602824	5	150223261
rs3822607	5	149591986	5	149611793	5	150232230
rs7714584	5	150250613	5	150270420	5	150890858
rs10036748	5	150438339	5	150458146	5	151078585
rs17626419	5	153562930	5	153582737	5	154203177
rs394378	5	156544666	5	156612088	5	157185077
rs2546890	5	158692478	5	158759900	5	159332892
rs6556412	5	158719963	5	158787385	5	159360377
rs1422878	5	158771795	5	158839217	5	159412209
rs2431697	5	159812556	5	159879978	5	160452971
rs2431099	5	159819198	5	159886620	5	160459613
rs4702149	5	16557763	5	16504763	5	16504654
rs883242	5	168167758	5	168235180	5	168808175
rs6872201	5	176653372	5	176720766	5	177293765
rs2967087	5	33297008	5	33261251	5	33261145
rs268763	5	33341496	5	33305739	5	33305633
rs11742240	5	35917133	5	35881376	5	35881274
rs860413	5	35978799	5	35943042	5	35942940
rs1993879	5	35987897	5	35952140	5	35952038
rs395157	5	38903489	5	38867732	5	38867630
rs1020360	5	40294335	5	40258578	5	40258476
rs1373692	5	40466940	5	40431183	5	40431081
rs1445001	5	40467421	5	40431664	5	40431562
rs17785206	5	5426748	5	5373748	5	5373635
rs13328207	5	55602844	5	55567087	5	56271260
rs6555357	5	613923	5	560923	5	560808
rs4957048	5	636442	5	583442	5	583327
rs3749615	5	654485	5	601485	5	601370
rs12517345	5	681294	5	628294	5	628179
rs2549782	5	96256756	5	96231000	5	96895296
rs2549796	5	96271099	5	96245343	5	96909639
rs3886512	5	98479350	5	98451450	5	99115746
rs6903235	6	106618581	6	106511888	6	106064013
rs6568431	6	106695499	6	106588806	6	106140931
rs465969	6	111762223	6	111655530	6	111334327
rs4946191	6	117187544	6	117080851	6	116759688
rs1490388	6	126877348	6	126835655	6	126514509
rs9491699	6	127513226	6	127471533	6	127150388
rs13204742	6	128287458	6	128245765	6	127924620
rs11154801	6	135781048	6	135739355	6	135418217
rs17066096	6	137494601	6	137452908	6	137131771
rs13192841	6	138008907	6	137967214	6	137646077
rs602414	6	138053358	6	138011665	6	137690528
rs670369	6	138188741	6	138147048	6	137825911
rs6925099	6	139479701	6	139438008	6	139116871
rs6925306	6	139479810	6	139438117	6	139116980
rs1738074	6	159385965	6	159465977	6	159044945
rs654690	6	159434766	6	159514778	6	159093746
rs9366078	6	167319502	6	167399512	6	166986024
rs2301436	6	167357978	6	167437988	6	167024500
rs1855025	6	167457584	6	167537594	6	167124106
rs11242807	6	2851146	6	2906147	6	2905913
rs6454802	6	90870920	6	90814199	6	90104480
rs4707609	6	91003200	6	90946479	6	90236760
rs3757247	6	91014184	6	90957463	6	90247744
rs12212193	6	91053490	6	90996769	6	90287050
rs2108225	7	107240339	7	107453103	7	107812658
rs4380874	7	107267551	7	107480315	7	107839870
rs17574506	7	11592177	7	11625652	7	11586025
rs38904	7	116680082	7	116892846	7	117252792
rs2966604	7	12039389	7	12072864	7	12033238
rs759372	7	12041434	7	12074909	7	12035283
rs4728142	7	128361203	7	128573967	7	128933913
rs10488631	7	128381419	7	128594183	7	128954129
rs12531711	7	128404702	7	128617466	7	128977412
rs11763166	7	131503450	7	131852910	7	132168151
rs6967574	7	132210695	7	132560155	7	132875395
rs6962471	7	132267333	7	132616793	7	132932033
rs10808024	7	139410463	7	139763994	7	140064194
rs4291186	7	147550129	7	147919196	7	148222104
rs243519	7	148054557	7	148423624	7	148726532
rs243511	7	148061081	7	148430148	7	148733056
rs2107348	7	26122039	7	26155514	7	26115894
rs10228276	7	27213804	7	27247279	7	27207660
rs798497	7	2762483	7	2795957	7	2756323
rs917117	7	28142830	7	28176305	7	28136686
rs1182188	7	2836511	7	2869985	7	2830351
rs1182179	7	2840174	7	2873648	7	2834014
rs11984075	7	37403379	7	37436854	7	37397251
rs865860	7	42088078	7	42121553	7	42081954
rs1456896	7	50275007	7	50304461	7	50264865
rs11980379	7	50437475	7	50469981	7	50402283
rs4132601	7	50438098	7	50470604	7	50402906
rs10272724	7	50444707	7	50477213	7	50409515
rs6460055	7	72825453	7	73187517	7	73773187
rs13232536	7	72857444	7	73219508	7	73805178
rs10486847	7	84512933	7	84674997	7	85045681
rs8179	7	92074100	7	92236164	7	92606850
rs979891	8	102526462	8	102457286	8	101445058
rs13276836	8	11018413	8	10981003	8	11123493
rs13277113	8	11386595	8	11349186	8	11491677
rs2447154	8	120451773	8	120382592	8	119370352
rs1551398	8	126609233	8	126540051	8	125527809
rs4410871	8	128884211	8	128815029	8	127802783
rs1529335	8	129085529	8	129016347	8	128004101
rs16903097	8	129625538	8	129556356	8	128544110
rs853308	8	133999099	8	133929917	8	132917672
rs7005834	8	134283386	8	134214204	8	133201961
rs2299603	8	17926763	8	17882483	8	18024974
rs6984124	8	79557222	8	79394667	8	78482432
rs998731	8	81257950	8	81095395	8	80183160
rs7814057	8	81289480	8	81126925	8	80214690
rs6473225	8	81443562	8	81281007	8	80368772
rs6473226	8	81448314	8	81285759	8	80373524
rs952559	8	81451189	8	81288634	8	80376399
rs3827806	8	8761686	8	8724276	8	8866766
rs435581	8	9066823	8	9029413	8	9171903
rs893225	8	97047924	8	96978748	8	95966520
rs4743322	9	100874986	9	101835165	9	99072883
rs4574921	9	116578155	9	117538334	9	114776054
rs6478109	9	116608587	9	117568766	9	114806486
rs3761847	9	122730060	9	123690239	9	120927961
rs912355	9	126130787	9	127090966	9	124328687
rs4077515	9	138386317	9	139266496	9	136372044
rs10781500	9	138389159	9	139269338	9	136374886
rs4266763	9	138409646	9	139289825	9	136395373
rs10810365	9	1522437	9	1532437	9	1532437
rs2760404	9	1523526	9	1533526	9	1533526
rs109156	9	23569481	9	23579481	9	23579483
rs11574914	9	34700338	9	34710338	9	34710341
rs7041847	9	4277466	9	4287466	9	4287466
rs10814916	9	4283150	9	4293150	9	4293150
rs12347727	9	4990811	9	5000811	9	5000811
rs822339	9	5443172	9	5453172	9	5453172
rs2282055	9	5445732	9	5455732	9	5455732
rs10124250	9	6151686	9	6161686	9	6161686
rs10119713	9	6153823	9	6163823	9	6163823
rs10908921	9	91511109	9	92321289	9	89706374
rs290986	9	92603357	9	93563536	9	90801254
