pid38	ref_a1	ref_a2	ref_a1.af	ld.block	chr	alleles
10:99531836	T	C	0.480825	1984	10	T/C
10:110426390	C	T	0.648373	1992	10	C/T
10:113721259	C	T	0.74438	1997	10	C/T
10:129764729	G	T	0.862206	2029	10	G/T
10:26888316	A	G	0.86538	1913	10	A/G
10:30513870	A	C	0.75205	1918	10	A/C
10:33137219	T	C	0.616504	1920	10	T/C
10:35070691	A	G	0.658291	1923	10	A/G
10:58134169	C	T	0.695451	1940	10	C/T
10:6045332	G	T	0.770167	1875	10	G/T
10:6064303	T	C	0.583576	1875	10	T/C
10:6064589	T	C	0.583576	1875	10	T/C
10:6066476	G	A	0.655779	1875	10	G/A
10:6068912	C	A	0.394208	1875	10	C/A
10:62026795	T	C	0.786829	1944	10	T/C
10:62049768	G	A	0.586088	1944	10	G/A
10:6360779	G	T	0.180243	1877	10	G/T
10:62628605	A	G	0.636604	1945	10	A/G
10:62637161	G	A	0.639381	1945	10	G/A
10:73847410	T	C	0.735916	1957	10	T/C
10:73934174	T	C	0.267786	1957	10	T/C
10:79277472	G	A	0.526316	1963	10	G/A
10:8064539	C	T	0.360883	1881	10	C/T
10:80545871	T	C	0.83946	1964	10	T/C
10:8438081	A	G	0.676673	1882	10	A/G
10:8442150	C	T	0.677863	1882	10	C/T
10:9020893	T	G	0.421053	1884	10	T/G
10:92722160	G	A	0.611743	1977	10	G/A
11:114532952	G	A	0.680772	2155	11	G/A
11:114570401	T	C	0.681037	2155	11	T/C
11:118771376	A	C	0.804152	2162	11	A/C
11:118813901	G	A	0.799127	2162	11	G/A
11:118871133	C	T	0.188442	2162	11	C/T
11:118873063	T	C	0.187781	2162	11	T/C
11:122651667	T	C	0.619545	2168	11	T/C
11:128516011	T	C	0.784316	2178	11	T/C
11:128632601	A	G	0.675615	2178	11	A/G
11:128749880	G	A	0.503835	2179	11	G/A
11:128759040	C	T	0.58503	2179	11	C/T
11:2213460	A	G	0.811161	2041	11	A/G
11:35071523	A	G	0.456625	2089	11	A/G
11:35245397	G	A	0.628141	2089	11	G/A
11:35268272	A	G	0.602354	2089	11	A/G
11:35285601	T	C	0.602222	2089	11	T/C
11:58543114	C	T	0.766464	2103	11	C/T
11:606749	G	A	0.769638	2039	11	G/A
11:61064810	T	C	0.367231	2105	11	T/C
11:61785208	G	T	0.66649	2105	11	G/T
11:61790331	T	C	0.659217	2105	11	T/C
11:61828092	C	T	0.821476	2105	11	C/T
11:61860409	T	C	0.711981	2106	11	T/C
11:619789	T	G	0.366437	2039	11	T/G
11:64329761	A	G	0.612933	2108	11	A/G
11:64362250	G	A	0.608966	2108	11	G/A
11:76559639	A	G	0.634356	2118	11	A/G
11:89272085	A	C	0.680111	2130	11	A/C
11:89476817	G	A	0.890505	2131	11	G/A
11:95578258	T	C	0.828749	2136	11	T/C
11:96292545	G	A	0.697831	2137	11	G/A
12:110972733	A	G	0.440624	2322	12	A/G
12:111634620	A	G	0.596139	2323	12	A/G
12:112172910	G	A	0.604999	2323	12	G/A
12:112468611	A	G	0.414176	2323	12	A/G
12:120840463	G	A	0.560302	2338	12	G/A
12:120962441	A	C	0.686194	2338	12	A/C
12:128787174	G	A	0.903465	2355	12	G/A
12:27472624	A	G	0.924359	2243	12	A/G
12:40400191	C	T	0.62867	2250	12	C/T
12:52035693	T	G	0.882571	2260	12	T/G
12:56007301	G	A	0.420524	2266	12	G/A
12:56018703	T	G	0.661465	2266	12	T/G
12:57096045	C	T	0.481619	2266	12	C/T
12:57674605	C	T	0.323724	2267	12	C/T
12:68106295	G	A	0.623909	2277	12	G/A
12:69382519	A	G	0.771754	2279	12	A/G
12:9723495	G	A	0.505554	2217	12	G/A
13:26957130	T	C	0.827823	2384	13	T/C
13:26971259	A	G	0.801904	2385	13	A/G
13:39768420	G	A	0.655514	2405	13	G/A
13:39776775	T	C	0.343692	2405	13	T/C
13:42415524	T	C	0.470907	2409	13	T/C
13:42423188	G	A	0.241074	2409	13	G/A
13:43897181	C	T	0.821211	2411	13	C/T
13:83872899	A	C	0.744644	2445	13	A/C
13:83874717	T	C	0.74438	2445	13	T/C
13:83882600	T	C	0.744909	2445	13	T/C
14:103476654	A	G	0.639381	2602	14	A/G
14:103484031	A	G	0.639778	2602	14	A/G
14:22436073	T	C	0.507009	2500	14	T/C
14:24632954	C	T	0.22904	2506	14	C/T
14:24634208	G	A	0.77096	2506	14	G/A
14:68787474	C	T	0.546152	2552	14	C/T
14:68818547	G	A	0.480296	2552	14	G/A
14:75242863	T	C	0.473023	2558	14	T/C
14:75539214	T	C	0.737636	2559	14	T/C
14:75544638	T	C	0.727321	2559	14	T/C
14:87953014	T	C	0.911002	2572	14	T/C
14:88011538	A	C	0.905977	2572	14	A/C
14:88031107	T	G	0.913647	2572	14	T/G
15:38546063	T	C	0.741471	2645	15	T/C
15:41173889	T	G	0.740942	2649	15	T/G
15:60777789	C	T	0.871463	2667	15	C/T
15:62764339	C	A	0.747686	2671	15	C/A
15:67171675	A	G	0.715948	2676	15	A/G
15:69699078	G	A	0.724808	2679	15	G/A
15:69712436	C	T	0.496562	2679	15	C/T
15:69755818	A	C	0.895927	2679	15	A/C
15:78941926	T	C	0.316847	2687	15	T/C
15:78947377	A	G	0.298202	2687	15	A/G
15:79970875	C	T	0.745041	2689	15	C/T
15:79971003	A	C	0.740545	2689	15	A/C
15:81114074	T	C	0.33827	2691	15	T/C
16:1023552	A	G	0.835097	2737	16	A/G
16:11075826	T	G	0.647448	2761	16	T/G
16:11080795	G	A	0.682491	2761	16	G/A
16:11093926	G	A	0.676144	2761	16	G/A
16:11109873	A	G	0.573261	2761	16	A/G
16:11148049	A	G	0.755488	2761	16	A/G
16:11655918	A	C	0.727982	2762	16	A/C
16:11701039	C	T	0.490479	2762	16	C/T
16:11716526	T	C	0.42978	2762	16	T/C
16:23842539	G	A	0.469056	2779	16	G/A
16:28293676	T	C	0.545358	2789	16	T/C
16:28322090	G	A	0.703121	2789	16	G/A
16:30484091	T	C	0.451203	2790	16	T/C
16:31331684	C	T	0.856255	2791	16	C/T
16:3645353	G	A	0.794367	2742	16	G/A
16:50691282	C	T	0.583708	2794	16	C/T
16:50883934	G	A	0.84475	2795	16	G/A
16:57334266	G	A	0.414441	2808	16	G/A
16:57352654	T	C	0.239619	2808	16	T/C
16:68540042	C	T	0.22785	2819	16	C/T
16:68569895	C	T	0.225469	2819	16	C/T
16:68640885	G	A	0.245967	2819	16	G/A
16:72014433	T	C	0.683417	2821	16	T/C
16:75213347	T	G	0.905977	2825	16	T/G
16:81856277	A	C	0.865776	2840	16	A/C
16:82849733	T	C	0.679979	2843	16	T/C
16:85943896	G	T	0.790267	2855	16	G/T
17:27516617	G	A	0.418672	2913	17	G/A
17:34252769	A	G	0.716609	2920	17	A/G
17:34260706	C	T	0.715684	2920	17	C/T
17:39895095	A	G	0.486512	2928	17	A/G
17:39905943	G	A	0.536895	2928	17	G/A
17:39913696	C	T	0.514017	2928	17	C/T
17:40601537	C	T	0.35771	2929	17	C/T
17:40618898	C	T	0.364189	2929	17	C/T
17:42122855	A	C	0.773737	2930	17	A/C
17:42137394	T	C	0.835625	2930	17	T/C
17:42138534	T	C	0.772944	2930	17	T/C
17:42142007	T	C	0.773076	2930	17	T/C
17:42347515	T	C	0.656308	2931	17	T/C
17:42355962	A	C	0.651944	2931	17	A/C
17:49246991	T	C	0.789209	2935	17	T/C
17:56803632	T	C	0.336287	2945	17	T/C
17:56824694	A	G	0.333642	2945	17	A/G
17:59912499	G	A	0.554351	2949	17	G/A
17:59946914	A	G	0.633959	2949	17	A/G
17:72645559	A	C	0.817905	2966	17	A/C
17:72645726	A	G	0.798466	2966	17	A/G
17:75373341	C	T	0.16173	2974	17	C/T
18:12809341	A	G	0.828088	3028	18	A/G
18:12847137	C	T	0.162126	3028	18	C/T
18:49461270	C	T	0.910341	3058	18	C/T
18:58546158	G	A	0.814864	3068	18	G/A
18:58716960	T	G	0.766067	3068	18	T/G
18:58755636	A	G	0.23433	3068	18	A/G
18:62361422	A	C	0.819228	3074	18	A/C
18:69857410	G	T	0.599445	3086	18	G/T
18:69863203	G	A	0.474345	3086	18	G/A
18:69864406	T	C	0.472097	3086	18	T/C
18:69867948	T	C	0.523274	3086	18	T/C
18:69871588	A	G	0.522613	3086	18	A/G
19:10330441	G	A	0.818038	3139	19	G/A
19:10467167	C	A	0.814732	3139	19	C/A
19:10854594	C	T	0.700344	3140	19	C/T
19:10892186	A	C	0.700344	3140	19	A/C
19:1124032	G	A	0.788151	3114	19	G/A
19:15428628	A	G	0.255885	3147	19	A/G
19:18193890	A	G	0.711452	3153	19	A/G
19:33266156	T	C	0.608172	3165	19	T/C
19:36921985	T	C	0.428855	3170	19	T/C
19:36992542	T	C	0.456096	3171	19	T/C
19:36996730	G	A	0.456361	3171	19	G/A
19:44642803	T	C	0.72375	3178	19	T/C
19:46346549	G	T	0.688971	3182	19	G/T
19:46705224	T	C	0.833906	3183	19	T/C
19:46731628	G	A	0.86776	3183	19	G/A
19:4830616	T	C	0.389183	3126	19	T/C
19:48708712	T	C	0.479106	3187	19	T/C
19:54868759	A	G	0.577889	3207	19	A/G
19:6668961	C	T	0.785771	3130	19	C/T
1:100857310	A	G	0.703253	126	1	A/G
1:100941963	A	G	0.69598	126	1	A/G
1:104351230	T	C	0.850569	128	1	T/C
1:113834946	A	G	0.101825	140	1	A/G
1:116721168	T	C	0.399497	144	1	T/C
1:116721246	G	A	0.763555	144	1	G/A
1:151820338	G	A	0.803888	153	1	G/A
1:151820698	G	T	0.779027	153	1	G/T
1:154391664	G	A	0.900423	155	1	G/A
1:155192276	C	T	0.468924	157	1	C/T
1:155464151	T	C	0.303623	157	1	T/C
1:157698600	T	C	0.516927	159	1	T/C
1:158698588	C	A	0.634488	160	1	C/A
1:158717434	G	A	0.623645	160	1	G/A
1:158724418	G	A	0.621132	160	1	G/A
1:159646839	A	G	0.745173	162	1	A/G
1:160432749	T	C	0.785639	163	1	T/C
1:160865793	C	T	0.804417	164	1	C/T
1:161502368	A	G	0.313145	165	1	A/G
1:161509955	A	G	0.468659	165	1	A/G
1:167442147	A	G	0.589659	173	1	A/G
1:167451188	T	G	0.572203	173	1	T/G
1:172706385	T	C	0.828352	180	1	T/C
1:172893094	A	G	0.750992	180	1	A/G
1:173257056	T	G	0.699418	180	1	T/G
1:17348042	C	A	0.651944	34	1	C/A
1:183360126	C	T	0.875298	189	1	C/T
1:185375632	A	G	0.356123	191	1	A/G
1:192567683	C	A	0.176012	195	1	C/A
1:192571891	G	A	0.176408	195	1	G/A
1:197642552	C	A	0.795689	199	1	C/A
1:197662011	G	A	0.795028	199	1	G/A
1:197720837	T	C	0.686855	199	1	T/C
1:197774376	G	A	0.798598	199	1	G/A
1:198687278	A	G	0.686062	200	1	A/G
1:200123224	A	G	0.114652	201	1	A/G
1:200124223	C	T	0.11452	201	1	C/T
1:200128615	A	G	0.114255	201	1	A/G
1:19760913	A	G	0.664375	40	1	A/G
1:201040428	A	G	0.644142	202	1	A/G
1:201051599	A	G	0.342238	202	1	A/G
1:19845367	G	A	0.453319	41	1	G/A
1:206821380	C	T	0.845544	211	1	C/T
1:209795339	C	A	0.637662	216	1	C/A
1:212746065	G	A	0.918276	218	1	G/A
1:22375738	T	C	0.823592	44	1	T/C
1:2581777	C	T	0.514546	4	1	C/T
1:2595307	A	G	0.642687	4	1	A/G
1:24979116	G	A	0.379926	48	1	G/A
1:2792599	C	A	0.666887	4	1	C/A
1:39525916	G	T	0.65763	65	1	G/T
1:4638499	C	T	0.839196	10	1	C/T
1:67215986	T	G	0.555144	95	1	T/G
1:67240275	G	A	0.933086	95	1	G/A
1:67345673	C	T	0.1936	95	1	C/T
1:70529879	G	A	0.615578	99	1	G/A
1:8120150	G	A	0.80812	17	1	G/A
1:8409729	C	T	0.747421	18	1	C/T
1:92682820	C	T	0.740148	119	1	C/T
1:92745319	T	C	0.739884	119	1	T/C
20:14669711	G	A	0.741999	3250	20	G/A
20:14678224	G	T	0.741867	3250	20	G/T
20:14697142	C	T	0.750463	3250	20	C/T
20:1632173	A	G	0.347527	3221	20	A/G
20:19702265	T	C	0.337741	3260	20	T/C
20:23098359	C	T	0.101693	3264	20	C/T
20:23105867	T	C	0.101164	3264	20	T/C
20:44458008	G	A	0.6411	3279	20	G/A
20:44494387	G	A	0.450013	3279	20	G/A
20:46005911	T	C	0.636736	3281	20	T/C
20:50580393	A	G	0.358239	3288	20	A/G
20:54174979	C	T	0.599577	3296	20	C/T
20:59249254	A	G	0.443004	3308	20	A/G
20:59254246	T	C	0.443137	3308	20	T/C
20:6104359	T	C	0.727718	3235	20	T/C
21:14550718	A	G	0.522349	3325	21	A/G
21:15460903	G	A	0.543507	3327	21	G/A
21:33395791	A	G	0.441682	3358	21	A/G
21:33415005	A	G	0.855858	3358	21	A/G
21:34539301	G	A	0.875562	3359	21	G/A
21:39093608	G	A	0.733536	3367	21	G/A
21:42421219	C	A	0.564665	3377	21	C/A
21:42428412	G	A	0.779423	3377	21	G/A
22:21585386	G	T	0.815128	3398	22	G/T
22:21610472	G	A	0.816451	3398	22	G/A
22:21628603	C	T	0.826236	3398	22	C/T
22:30098382	G	A	0.553293	3416	22	G/A
22:35337661	G	A	0.376884	3422	22	G/A
22:36872513	A	G	0.164639	3426	22	A/G
22:37157685	A	C	0.682888	3427	22	A/C
22:37185445	C	A	0.575112	3427	22	C/A
22:39263768	C	T	0.836419	3430	22	C/T
22:39318699	C	T	0.763951	3430	22	C/T
22:39343623	C	T	0.548797	3430	22	C/T
22:41403102	C	A	0.224544	3431	22	C/A
22:41445030	G	A	0.211188	3431	22	G/A
22:41565827	T	C	0.806136	3431	22	T/C
22:43162920	A	G	0.320153	3432	22	A/G
2:100129933	G	A	0.628405	386	2	G/A
2:100148615	G	A	0.64229	386	2	G/A
2:100215693	G	A	0.459931	386	2	G/A
2:102310521	G	A	0.478048	387	2	G/A
2:102338193	C	T	0.86247	387	2	C/T
2:102341256	C	T	0.619942	387	2	C/T
2:102369762	G	A	0.620206	388	2	G/A
2:102454108	T	C	0.233139	388	2	T/C
2:111155479	T	C	0.900688	396	2	T/C
2:111230439	G	A	0.716742	396	2	G/A
2:111708688	T	G	0.551309	397	2	T/G
2:111716295	C	T	0.523935	397	2	C/T
2:12500615	G	A	0.456757	301	2	G/A
2:12503317	C	T	0.456757	301	2	C/T
2:144747126	T	G	0.918276	428	2	T/G
2:162254026	A	G	0.397646	441	2	A/G
2:162267541	C	T	0.398704	441	2	C/T
2:181131318	A	G	0.564665	461	2	A/G
2:181443625	A	G	0.436525	461	2	A/G
2:186638119	T	C	0.889447	463	2	T/C
2:190670850	T	C	0.868289	465	2	T/C
2:190673836	C	A	0.873049	465	2	C/A
2:190689205	A	G	0.59561	465	2	A/G
2:191071078	C	T	0.811822	466	2	C/T
2:191099907	T	G	0.224147	466	2	T/G
2:198029415	T	C	0.498413	471	2	T/C
2:198947854	A	C	0.704443	472	2	A/C
2:198962748	T	C	0.324121	472	2	T/C
2:199023062	G	A	0.697831	472	2	G/A
2:203843923	C	T	0.431367	475	2	C/T
2:213056193	G	A	0.921053	486	2	G/A
2:218124051	A	G	0.47461	492	2	A/G
2:218126282	G	A	0.475668	492	2	G/A
2:223804712	T	G	0.627744	500	2	T/G
2:223830515	A	G	0.529754	500	2	A/G
2:227786316	G	A	0.934277	506	2	G/A
2:230242009	C	T	0.82174	509	2	C/T
2:230249416	G	A	0.813145	509	2	G/A
2:233273594	C	T	0.478577	514	2	C/T
2:233274722	A	G	0.478048	514	2	A/G
2:233275771	G	A	0.47461	514	2	G/A
2:240644259	A	G	0.780085	530	2	A/G
2:24927247	C	A	0.51534	316	2	C/A
2:24927427	A	G	0.51534	316	2	A/G
2:25063566	C	T	0.490214	317	2	C/T
2:27508073	T	C	0.402803	318	2	T/C
2:28400292	G	A	0.499603	319	2	G/A
2:30222456	A	G	0.358239	321	2	A/G
2:30225478	G	T	0.368421	321	2	G/T
2:43585178	G	A	0.863131	338	2	G/A
2:43592000	A	G	0.863264	338	2	A/G
2:43604011	G	A	0.86538	338	2	G/A
2:55594710	A	G	0.954377	351	2	A/G
2:55660614	T	G	0.953716	351	2	T/G
2:60940081	T	C	0.849246	355	2	T/C
2:60959694	A	G	0.617958	355	2	A/G
2:65379519	T	C	0.540333	358	2	T/C
2:65381229	A	G	0.252446	358	2	A/G
2:65381775	C	T	0.540201	358	2	C/T
2:65406750	A	G	0.286829	358	2	A/G
2:68419963	C	T	0.443533	362	2	C/T
2:8302118	G	A	0.715684	291	2	G/A
2:8303673	G	A	0.715022	291	2	G/A
3:102029794	A	G	0.287622	644	3	A/G
3:102036894	C	A	0.248083	644	3	C/A
3:102037377	C	T	0.247025	644	3	C/T
3:108745350	C	T	0.808913	650	3	C/T
3:108848833	G	T	0.580666	651	3	G/T
3:108851225	G	A	0.480957	651	3	G/A
3:119399949	T	G	0.596535	662	3	T/G
3:119403973	T	C	0.822401	662	3	T/C
3:119486203	T	C	0.82293	662	3	T/C
3:119570001	C	A	0.893018	662	3	C/A
3:141383991	G	A	0.556334	682	3	G/A
3:141422126	C	T	0.557789	682	3	C/T
3:146883508	G	T	0.813938	688	3	G/T
3:159784631	T	C	0.359296	700	3	T/C
3:159787814	G	T	0.360222	700	3	G/T
3:159864593	A	G	0.346734	700	3	A/G
3:159979210	C	T	0.457683	701	3	C/T
3:160011091	T	G	0.609363	701	3	T/G
3:169774313	C	T	0.75681	706	3	C/T
3:16913767	G	A	0.643216	568	3	G/A
3:17033379	A	G	0.730362	568	3	A/G
3:188018128	A	G	0.872124	732	3	A/G
3:188036207	A	G	0.55845	732	3	A/G
3:188369840	C	T	0.547871	733	3	C/T
3:188406566	C	A	0.585956	733	3	C/A
3:188773770	A	G	0.709204	735	3	A/G
3:196624344	C	T	0.549458	751	3	C/T
3:23348730	G	A	0.570087	575	3	G/A
3:23406168	A	C	0.428326	575	3	A/C
3:25335732	G	A	0.758794	578	3	G/A
3:25342175	G	A	0.758397	578	3	G/A
3:27723132	A	G	0.543507	581	3	A/G
3:27747289	C	T	0.640571	581	3	C/T
3:27756319	G	A	0.651283	581	3	G/A
3:28029953	A	C	0.526448	582	3	A/C
3:29336599	A	C	0.571277	583	3	A/C
3:30608572	A	G	0.199683	586	3	A/G
3:46193709	C	T	0.922507	600	3	C/T
3:49560304	T	C	0.690029	600	3	T/C
3:49684099	G	A	0.712245	600	3	G/A
3:53084723	C	T	0.44393	601	3	C/T
3:53085687	G	A	0.443666	601	3	G/A
3:53092127	G	A	0.444062	601	3	G/A
3:58346341	A	G	0.371463	607	3	A/G
3:58420220	A	G	0.628008	607	3	A/G
3:71473959	C	T	0.63105	627	3	C/T
3:71496019	C	A	0.564136	627	3	C/A
3:95829911	A	G	0.874901	641	3	A/G
4:102513096	T	C	0.64758	862	4	T/C
4:10707742	T	C	0.465882	775	4	T/C
4:122194347	A	G	0.827294	878	4	A/G
4:122297158	A	G	0.825179	878	4	A/G
4:122617757	C	T	0.306268	878	4	C/T
4:122626913	A	G	0.306004	878	4	A/G
4:165653115	A	G	0.16649	918	4	A/G
4:26083889	G	A	0.70127	795	4	G/A
4:38131378	A	G	0.675086	808	4	A/G
4:38581238	T	C	0.698492	809	4	T/C
4:48258627	A	G	0.475668	818	4	A/G
4:48352040	C	T	0.380587	818	4	C/T
4:71666044	A	G	0.902142	835	4	A/G
4:73990818	C	T	0.10804	836	4	C/T
4:80005847	C	T	0.46165	842	4	C/T
4:80012154	G	A	0.461386	842	4	G/A
4:90963093	A	G	0.730759	853	4	A/G
5:103280006	G	T	0.635017	1068	5	G/T
5:10743817	T	C	0.282729	987	5	T/C
5:111117147	G	A	0.570484	1075	5	G/A
5:111231900	C	T	0.535308	1075	5	C/T
5:132340627	C	T	0.564269	1094	5	C/T
5:132435113	C	T	0.568765	1094	5	C/T
5:132448701	G	T	0.569691	1094	5	G/T
5:132461230	G	A	0.651944	1094	5	G/A
5:132484229	C	A	0.565988	1095	5	C/A
5:132634182	T	C	0.805343	1095	5	T/C
5:132641435	C	T	0.807723	1095	5	C/T
5:134087125	A	G	0.124835	1097	5	A/G
5:135105767	A	G	0.5927	1098	5	A/G
5:135107916	G	A	0.593229	1098	5	G/A
5:142099500	A	C	0.219254	1104	5	A/C
5:142143435	C	T	0.384422	1104	5	C/T
5:14727773	C	A	0.791722	992	5	C/A
5:149816766	G	A	0.798334	1114	5	G/A
5:149817119	T	G	0.719519	1114	5	T/G
5:150223261	C	T	0.447368	1115	5	C/T
5:150232230	G	A	0.407432	1115	5	G/A
5:150890858	A	G	0.925681	1116	5	A/G
5:151078585	C	T	0.76567	1116	5	C/T
5:154203177	A	G	0.854933	1119	5	A/G
5:157185077	T	C	0.859164	1122	5	T/C
5:159332892	A	G	0.520497	1123	5	A/G
5:159360377	G	A	0.669796	1123	5	G/A
5:159412209	C	T	0.639381	1124	5	C/T
5:160452971	T	C	0.563211	1126	5	T/C
5:160459613	A	G	0.473023	1126	5	A/G
5:16504654	T	C	0.065856	994	5	T/C
5:168808175	C	A	0.382306	1136	5	C/A
5:177293765	A	G	0.41973	1155	5	A/G
5:33261145	A	C	0.0923040000000001	1013	5	A/C
5:33305633	T	C	0.095081	1013	5	T/C
5:35881274	G	T	0.724147	1016	5	G/T
5:35942940	A	C	0.721106	1016	5	A/C
5:35952038	C	T	0.71899	1016	5	C/T
5:38867630	C	T	0.513488	1020	5	C/T
5:40258476	C	T	0.93626	1021	5	C/T
5:40431081	A	C	0.380984	1022	5	A/C
5:40431562	A	G	0.380852	1022	5	A/G
5:5373635	T	C	0.890241	976	5	T/C
5:56271260	G	A	0.879133	1028	5	G/A
5:560808	A	G	0.780085	963	5	A/G
5:583327	G	A	0.780217	963	5	G/A
5:601370	C	T	0.802036	963	5	C/T
5:628179	G	A	0.800185	963	5	G/A
5:96895296	G	T	0.503438	1065	5	G/T
5:96909639	C	T	0.503174	1065	5	C/T
5:99115746	A	G	0.446178	1067	5	A/G
6:106064013	G	A	0.257075	1274	6	G/A
6:106140931	A	C	0.393811	1274	6	A/C
6:111334327	G	A	0.920127	1280	6	G/A
6:116759688	C	T	0.419995	1283	6	C/T
6:126514509	C	T	0.538746	1291	6	C/T
6:127150388	C	T	0.523935	1291	6	C/T
6:127924620	G	T	0.870272	1292	6	G/T
6:135418217	C	A	0.627744	1301	6	C/A
6:137131771	A	G	0.755356	1303	6	A/G
6:137646077	G	A	0.73023	1304	6	G/A
6:137690528	G	T	0.392753	1304	6	G/T
6:137825911	C	T	0.159085	1304	6	C/T
6:139116871	T	C	0.429913	1306	6	T/C
6:139116980	T	G	0.429913	1306	6	T/G
6:159044945	T	C	0.427136	1331	6	T/C
6:159093746	T	C	0.352817	1331	6	T/C
6:166986024	A	G	0.666358	1347	6	A/G
6:167024500	C	T	0.531076	1347	6	C/T
6:167124106	A	G	0.519175	1347	6	A/G
6:2905913	G	A	0.898969	1171	6	G/A
6:90104480	C	T	0.618223	1259	6	C/T
6:90236760	T	C	0.641497	1260	6	T/C
6:90247744	C	T	0.526051	1260	6	C/T
6:90287050	A	G	0.542714	1260	6	A/G
7:107812658	G	A	0.580138	1471	7	G/A
7:107839870	T	C	0.406242	1472	7	T/C
7:11586025	C	T	0.576832	1373	7	C/T
7:117252792	T	C	0.509125	1479	7	T/C
7:12033238	C	T	0.344486	1374	7	C/T
7:12035283	G	A	0.344486	1374	7	G/A
7:128933913	G	A	0.559508	1485	7	G/A
7:128954129	T	C	0.884687	1485	7	T/C
7:128977412	A	G	0.884951	1485	7	A/G
7:132168151	G	A	0.448823	1490	7	G/A
7:132875395	C	T	0.748215	1491	7	C/T
7:132932033	G	A	0.755752	1491	7	G/A
7:140064194	G	A	0.725998	1500	7	G/A
7:148222104	C	A	0.835493	1509	7	C/A
7:148726532	G	A	0.616504	1511	7	G/A
7:148733056	A	C	0.621132	1511	7	A/C
7:26115894	A	G	0.796086	1396	7	A/G
7:27207660	G	A	0.175483	1397	7	G/A
7:2756323	A	G	0.697302	1356	7	A/G
7:28136686	G	A	0.801772	1398	7	G/A
7:2830351	T	C	0.696112	1356	7	T/C
7:2834014	A	G	0.69598	1356	7	A/G
7:37397251	A	G	0.892753	1411	7	A/G
7:42081954	A	G	0.540069	1417	7	A/G
7:50264865	C	T	0.326765	1425	7	C/T
7:50402283	T	C	0.725866	1426	7	T/C
7:50402906	T	G	0.725602	1426	7	T/G
7:50409515	T	C	0.725337	1426	7	T/C
7:73773187	T	C	0.763555	1438	7	T/C
7:73805178	A	G	0.236578	1438	7	A/G
7:85045681	G	A	0.718328	1451	7	G/A
7:92606850	T	C	0.203782	1456	7	T/C
8:101445058	A	G	0.278498	1648	8	A/G
8:11123493	A	C	0.534515	1559	8	A/C
8:11491677	G	A	0.743983	1560	8	G/A
8:119370352	G	A	0.190426	1661	8	G/A
8:125527809	G	A	0.369743	1670	8	G/A
8:127802783	T	C	0.280481	1675	8	T/C
8:128004101	C	T	0.829013	1675	8	C/T
8:128544110	T	G	0.864189	1676	8	T/G
8:132917672	C	T	0.462312	1681	8	C/T
8:133201961	C	T	0.687517	1682	8	C/T
8:18024974	C	T	0.906506	1573	8	C/T
8:78482432	T	G	0.724147	1629	8	T/G
8:80183160	C	T	0.55078	1631	8	C/T
8:80214690	A	C	0.657101	1631	8	A/C
8:80368772	G	A	0.367231	1631	8	G/A
8:80373524	T	C	0.368818	1631	8	T/C
8:80376399	A	G	0.347263	1631	8	A/G
8:8866766	C	T	0.580402	1556	8	C/T
8:9171903	A	G	0.489685	1557	8	A/G
8:95966520	G	A	0.859164	1641	8	G/A
9:99072883	C	A	0.774531	1803	9	C/A
9:114776054	C	T	0.268976	1823	9	C/T
9:114806486	A	G	0.332055	1823	9	A/G
9:120927961	G	A	0.427665	1831	9	G/A
9:124328687	T	C	0.332848	1835	9	T/C
9:136372044	C	T	0.567575	1860	9	C/T
9:136374886	C	T	0.571277	1860	9	C/T
9:136395373	A	G	0.569823	1860	9	A/G
9:1532437	C	T	0.419598	1706	9	C/T
9:1533526	A	G	0.416028	1706	9	A/G
9:23579483	A	G	0.570748	1747	9	A/G
9:34710341	G	A	0.658291	1760	9	G/A
9:4287466	A	G	0.494181	1713	9	A/G
9:4293150	A	C	0.492595	1713	9	A/C
9:5000811	A	G	0.741867	1715	9	A/G
9:5453172	A	G	0.249405	1716	9	A/G
9:5455732	T	G	0.747554	1716	9	T/G
9:6161686	C	T	0.574054	1717	9	C/T
9:6163823	G	A	0.573922	1717	9	G/A
9:89706374	A	G	0.745041	1794	9	A/G
9:90801254	A	G	0.801111	1796	9	A/G
